department,average_salary
communication,17.970833333333335
electronics,17.402573529411764
finance,17.8068
hr,16.465126050420167
